INSERT INTO cuisine VALUES ('Indonesian');
INSERT INTO cuisine VALUES ('German');
INSERT INTO cuisine VALUES ('Vietnamese');
INSERT INTO cuisine VALUES ('Chinese');
INSERT INTO cuisine VALUES ('Indian');
SELECT * FROM cuisine;

INSERT INTO Item VALUES ('Rendang', '4', 'Indonesian');
INSERT INTO Item VALUES ('Ayam Balado', '4', 'Indonesian');
INSERT INTO Item VALUES ('Gudeg', '3', 'Indonesian');
INSERT INTO Item VALUES ('Rinderrouladen', '3.5', 'German');
INSERT INTO Item VALUES ('Sauerbraten', '4', 'German');
INSERT INTO Item VALUES ('Bun Cha', '3', 'Vietnamese');
INSERT INTO Item VALUES ('Thunder Tea Rice', '2.5', 'Chinese');
INSERT INTO Item VALUES ('Palak Paneer', '4', 'Indian');
SELECT * FROM Item;

INSERT INTO staff VALUES ('STAFF-01', 'Kat');
INSERT INTO staff VALUES ('STAFF-02', 'Kat');
INSERT INTO staff VALUES ('STAFF-03', 'Taro');
INSERT INTO staff VALUES ('STAFF-04', 'Owens');
INSERT INTO staff VALUES ('STAFF-05', 'Migi');
INSERT INTO staff VALUES ('STAFF-06', 'Dari');
INSERT INTO staff VALUES ('STAFF-07', 'Ida');
INSERT INTO staff VALUES ('STAFF-08', 'Neyu');
INSERT INTO staff VALUES ('STAFF-09', 'Rodion');
INSERT INTO staff VALUES ('STAFF-10', 'Neon');
INSERT INTO staff VALUES ('STAFF-11', 'Evan');
INSERT INTO staff VALUES ('STAFF-12', 'Gerion');
SELECT * FROM staff;


INSERT INTO member VALUES ('93627414', 'Ignazio', 'Abrahmer', '1/3/2024', '12:19:23');
INSERT INTO member VALUES ('89007281', 'Bernard', 'Cowlard', '1/3/2024', '15:39:48');
INSERT INTO member VALUES ('81059611', 'Laurette', 'Birney', '1/3/2024', '16:19:03');
INSERT INTO member VALUES ('93342383', 'Corby', 'Crinage', '1/3/2024', '18:39:04');
INSERT INTO member VALUES ('85625766', 'Mal', 'Bavister', '1/3/2024', '19:22:02');
INSERT INTO member VALUES ('95672712', 'Terese', 'Chetwind', '2/3/2024', '10:41:41');
INSERT INTO member VALUES ('94385675', 'Kipp', 'Pettifer', '2/3/2024', '14:38:36');
INSERT INTO member VALUES ('97416639', 'Ernestine', 'Loughney', '2/3/2024', '16:37:24');
INSERT INTO member VALUES ('87113774', 'Estell', 'Barwell', '2/3/2024', '17:34:55');
INSERT INTO member VALUES ('95961010', 'Othello', 'Reymers', '3/3/2024', '10:27:19');
INSERT INTO member VALUES ('96537349', 'Grissel', 'Howels', '3/3/2024', '17:06:40');
INSERT INTO member VALUES ('93603800', 'Maddie', 'Izkoveski', '4/3/2024', '10:03:52');
INSERT INTO member VALUES ('87433248', 'Nolan', 'Capelin', '4/3/2024', '10:54:51');
INSERT INTO member VALUES ('98216900', 'Alyce', 'Brenard', '4/3/2024', '14:04:38');
INSERT INTO member VALUES ('95624750', 'Jacenta', 'Buxsy', '5/3/2024', '14:34:56');
INSERT INTO member VALUES ('85205752', 'Kiah', 'Cotter', '5/3/2024', '17:34:06');
INSERT INTO member VALUES ('93344468', 'Gage', 'Whaymand', '6/3/2024', '14:52:02');
INSERT INTO member VALUES ('83187835', 'Rickey', 'Hector', '7/3/2024', '15:41:29');
INSERT INTO member VALUES ('87547836', 'Flynn', 'Massot', '8/3/2024', '12:22:29');
INSERT INTO member VALUES ('85175137', 'Javier', 'Metzel', '8/3/2024', '14:19:56');
INSERT INTO member VALUES ('97691181', 'Jecho', 'Sirkett', '8/3/2024', '14:46:11');
INSERT INTO member VALUES ('87607692', 'Afton', 'Perch', '8/3/2024', '18:57:51');
INSERT INTO member VALUES ('86045065', 'Christiane', 'Beeze', '9/3/2024', '7:00:36');
INSERT INTO member VALUES ('88828022', 'Hanson', 'Landal', '9/3/2024', '12:05:16');
INSERT INTO member VALUES ('84566470', 'Roscoe', 'Slowgrave', '9/3/2024', '12:07:38');
INSERT INTO member VALUES ('93045837', 'Isaak', 'Greatbatch', '9/3/2024', '13:41:06');
INSERT INTO member VALUES ('82284578', 'Raquel', 'Pearch', '9/3/2024', '13:53:10');
INSERT INTO member VALUES ('96889998', 'Leonhard', 'Wycliffe', '9/3/2024', '14:26:53');
INSERT INTO member VALUES ('92129218', 'Bentley', 'Agutter', '10/3/2024', '19:34:00');
INSERT INTO member VALUES ('84022062', 'Spenser', 'Raitt', '13/3/2024', '11:06:43');
INSERT INTO member VALUES ('89501162', 'Aylmar', 'Jarritt', '13/3/2024', '15:40:22');
INSERT INTO member VALUES ('83796640', 'Justino', 'Lennie', '13/3/2024', '16:47:09');
INSERT INTO member VALUES ('83955714', 'Winna', 'Yitzhok', '14/3/2024', '10:28:33');
INSERT INTO member VALUES ('97047051', 'Shelly', 'Limrick', '14/3/2024', '15:20:38');
INSERT INTO member VALUES ('84859600', 'Tallou', 'McFater', '14/3/2024', '16:04:10');
INSERT INTO member VALUES ('99218548', 'Georgeta', 'Tilston', '16/3/2024', '15:58:18');
INSERT INTO member VALUES ('96641145', 'Giraud', 'Halwood', '17/3/2024', '12:55:26');
INSERT INTO member VALUES ('93913222', 'Hermina', 'Steadman', '17/3/2024', '15:21:06');
INSERT INTO member VALUES ('92671592', 'Norma', 'Keppie', '18/3/2024', '11:18:00');
INSERT INTO member VALUES ('88757769', 'Fonz', 'Buckell', '18/3/2024', '15:31:40');
INSERT INTO member VALUES ('95739964', 'Camila', 'Seatter', '19/3/2024', '15:04:36');
INSERT INTO member VALUES ('97011185', 'Stephan', 'Firk', '20/3/2024', '3:29:52');
INSERT INTO member VALUES ('93918281', 'Zandra', 'Chark', '20/3/2024', '16:42:38');
INSERT INTO member VALUES ('92145563', 'Ernestine', 'Loughney', '20/3/2024', '17:50:29');
INSERT INTO member VALUES ('99672640', 'Elisabet', 'Marrison', '21/3/2024', '13:59:01');
INSERT INTO member VALUES ('85125948', 'Nalani', 'Winchurch', '21/3/2024', '19:20:37');
INSERT INTO member VALUES ('85102107', 'Bryn', 'Shoreson', '22/3/2024', '13:29:20');
INSERT INTO member VALUES ('97656508', 'Farra', 'Borg', '23/3/2024', '10:44:00');
INSERT INTO member VALUES ('98509048', 'Simmonds', 'Goad', '23/3/2024', '14:44:41');
INSERT INTO member VALUES ('91367741', 'Alexi', 'Brockton', '23/3/2024', '15:47:19');
INSERT INTO member VALUES ('84698244', 'Lauren', 'Arnault', '24/3/2024', '18:45:08');
INSERT INTO member VALUES ('82204127', 'Anallise', 'Moakes', '25/3/2024', '14:29:25');
INSERT INTO member VALUES ('81112261', 'Jenna', 'Voaden', '25/3/2024', '19:34:25');
INSERT INTO member VALUES ('97269270', 'Jo', 'Westman', '27/3/2024', '12:57:00');
INSERT INTO member VALUES ('95963767', 'Thorvald', 'Meus', '27/3/2024', '13:35:20');
INSERT INTO member VALUES ('86805331', 'Gill', 'Isaac', '28/3/2024', '3:40:46');
INSERT INTO member VALUES ('88182567', 'Tyler', 'McMenamy', '29/3/2024', '10:56:19');
INSERT INTO member VALUES ('91867650', 'Erinna', 'Edler', '29/3/2024', '12:34:17');
INSERT INTO member VALUES ('88211654', 'Desirae', 'Linton', '1/4/2024', '18:45:27');
INSERT INTO member VALUES ('94197652', 'Torie', 'Annear', '4/4/2024', '10:44:56');
INSERT INTO member VALUES ('84977344', 'Hal', 'Sowden', '4/4/2024', '12:23:02');
INSERT INTO member VALUES ('89005109', 'Darrick', 'Yate', '4/4/2024', '21:42:58');
INSERT INTO member VALUES ('87816989', 'Pren', 'Shemming', '5/4/2024', '6:31:54');
INSERT INTO member VALUES ('87818088', 'Yale', 'Ebertz', '5/4/2024', '10:40:43');
INSERT INTO member VALUES ('86335235', 'Bekki', 'Jozsika', '5/4/2024', '11:06:15');
INSERT INTO member VALUES ('96297154', 'Collete', 'Print', '5/4/2024', '12:14:28');
INSERT INTO member VALUES ('95795218', 'Bobbye', 'Lillow', '5/4/2024', '14:23:40');
INSERT INTO member VALUES ('87464899', 'Athene', 'Foch', '6/4/2024', '12:32:31');
INSERT INTO member VALUES ('86779254', 'Marcus', 'Ortell', '6/4/2024', '14:13:19');
INSERT INTO member VALUES ('92763507', 'Doti', 'Silvester', '7/4/2024', '14:16:25');
INSERT INTO member VALUES ('82014056', 'Nisse', 'Compford', '7/4/2024', '18:01:17');
INSERT INTO member VALUES ('84811777', 'Bartholemy', 'Fricker', '8/4/2024', '10:58:21');
INSERT INTO member VALUES ('99491929', 'Elvira', 'Horsburgh', '8/4/2024', '10:59:28');
INSERT INTO member VALUES ('97146801', 'Dodie', 'MacCourt', '8/4/2024', '11:04:47');
INSERT INTO member VALUES ('92147627', 'Ely', 'Zincke', '8/4/2024', '18:18:10');
INSERT INTO member VALUES ('92035069', 'Jamie', 'Seiler', '8/4/2024', '19:23:59');
INSERT INTO member VALUES ('97865331', 'Rustin', 'Drage', '10/4/2024', '20:04:05');
INSERT INTO member VALUES ('83746740', 'Krystyna', 'Duckerin', '11/4/2024', '10:41:23');
INSERT INTO member VALUES ('82523186', 'Gennifer', 'Baglan', '12/4/2024', '19:03:43');
INSERT INTO member VALUES ('84389605', 'Vaughan', 'Hartless', '13/4/2024', '17:51:26');
INSERT INTO member VALUES ('95213360', 'Demetris', 'Torry', '16/4/2024', '15:03:17');
INSERT INTO member VALUES ('93095451', 'Adaline', 'Harburtson', '17/4/2024', '17:01:35');
INSERT INTO member VALUES ('81043685', 'Latia', 'Skelly', '18/4/2024', '13:49:13');
INSERT INTO member VALUES ('83572545', 'Torey', 'Harbinson', '18/4/2024', '18:21:06');
INSERT INTO member VALUES ('92087840', 'Terri', 'Grzelczak', '19/4/2024', '13:58:54');
INSERT INTO member VALUES ('82733879', 'Jamil', 'Cuseick', '20/4/2024', '15:49:25');
INSERT INTO member VALUES ('86635564', 'Panchito', 'Kenwright', '22/4/2024', '11:29:27');
INSERT INTO member VALUES ('83304741', 'Hinze', 'Jurek', '23/4/2024', '19:42:28');
INSERT INTO member VALUES ('93816956', 'Ania', 'Brewett', '24/4/2024', '10:21:27');
INSERT INTO member VALUES ('98868305', 'Hugibert', 'Labeuil', '24/4/2024', '11:33:26');
INSERT INTO member VALUES ('93958213', 'Lucho', 'Bellas', '26/4/2024', '7:05:35');
INSERT INTO member VALUES ('93034474', 'Reagan', 'Voaden', '26/4/2024', '12:01:31');
INSERT INTO member VALUES ('95924292', 'Penny', 'Hanster', '28/4/2024', '12:30:10');
INSERT INTO member VALUES ('83756798', 'Constantine', 'Euesden', '29/4/2024', '11:26:32');
INSERT INTO member VALUES ('93112965', 'Rorke', 'Mc Elory', '2/5/2024', '19:18:33');
INSERT INTO member VALUES ('99249866', 'Justin', 'Raulston', '6/5/2024', '10:05:18');
INSERT INTO member VALUES ('99721613', 'Tremaine', 'Liffey', '6/5/2024', '10:09:08');
INSERT INTO member VALUES ('94908069', 'Nanice', 'Celes', '7/5/2024', '16:55:39');
INSERT INTO member VALUES ('85256247', 'Newton', 'Cone', '8/5/2024', '15:01:52');
INSERT INTO member VALUES ('86385588', 'Candra', 'Mather', '9/5/2024', '12:54:22');
SELECT * FROM member;

INSERT INTO Cook VALUES ('STAFF-01', 'Indonesian');
INSERT INTO Cook VALUES ('STAFF-01', 'German');
INSERT INTO Cook VALUES ('STAFF-02', 'German');
INSERT INTO Cook VALUES ('STAFF-02', 'Chinese');
INSERT INTO Cook VALUES ('STAFF-03', 'Vietnamese');
INSERT INTO Cook VALUES ('STAFF-03', 'Chinese');
INSERT INTO Cook VALUES ('STAFF-03', 'Indian');
INSERT INTO Cook VALUES ('STAFF-03', 'Indonesian');
INSERT INTO Cook VALUES ('STAFF-04', 'Indonesian');
INSERT INTO Cook VALUES ('STAFF-04', 'German');
INSERT INTO Cook VALUES ('STAFF-05', 'Indonesian');
INSERT INTO Cook VALUES ('STAFF-05', 'German');
INSERT INTO Cook VALUES ('STAFF-05', 'Vietnamese');
INSERT INTO Cook VALUES ('STAFF-06', 'Indonesian');
INSERT INTO Cook VALUES ('STAFF-06', 'German');
INSERT INTO Cook VALUES ('STAFF-06', 'Chinese');
INSERT INTO Cook VALUES ('STAFF-06', 'Indian');
INSERT INTO Cook VALUES ('STAFF-06', 'Vietnamese');
INSERT INTO Cook VALUES ('STAFF-07', 'Indonesian');
INSERT INTO Cook VALUES ('STAFF-07', 'German');
INSERT INTO Cook VALUES ('STAFF-07', 'Vietnamese');
INSERT INTO Cook VALUES ('STAFF-07', 'Chinese');
INSERT INTO Cook VALUES ('STAFF-08', 'Vietnamese');
INSERT INTO Cook VALUES ('STAFF-08', 'Chinese');
INSERT INTO Cook VALUES ('STAFF-08', 'Indian');
INSERT INTO Cook VALUES ('STAFF-08', 'Indonesian');
INSERT INTO Cook VALUES ('STAFF-09', 'Indonesian');
INSERT INTO Cook VALUES ('STAFF-09', 'German');
INSERT INTO Cook VALUES ('STAFF-10', 'Indonesian');
INSERT INTO Cook VALUES ('STAFF-11', 'Indonesian');
INSERT INTO Cook VALUES ('STAFF-11', 'German');
INSERT INTO Cook VALUES ('STAFF-11', 'Vietnamese');
INSERT INTO Cook VALUES ('STAFF-11', 'Chinese');
INSERT INTO Cook VALUES ('STAFF-11', 'Indian');
INSERT INTO Cook VALUES ('STAFF-12', 'Indonesian');
INSERT INTO Cook VALUES ('STAFF-12', 'German');
INSERT INTO Cook VALUES ('STAFF-12', 'Vietnamese');
INSERT INTO Cook VALUES ('STAFF-12', 'Chinese');
INSERT INTO Cook VALUES ('STAFF-12', 'Indian');
SELECT * FROM Cook;

INSERT INTO Food_Order VALUES ('20240301001', '1/3/2024', '10:15:51', 'card', NULLIF('3742-8375-6443-8590', ''), NULLIF('americanexpress', ''), '4');
INSERT INTO Food_Order VALUES ('20240301002', '1/3/2024', '12:19:23', 'card', NULLIF('5108-7574-2920-6803', ''), NULLIF('mastercard', ''), '14');
INSERT INTO Food_Order VALUES ('20240301003', '1/3/2024', '13:46:33', 'card', NULLIF('3466-5960-1418-4580', ''), NULLIF('americanexpress', ''), '9');
INSERT INTO Food_Order VALUES ('20240301004', '1/3/2024', '13:48:15', 'card', NULLIF('3379-4110-3466-1310', ''), NULLIF('americanexpress', ''), '8');
INSERT INTO Food_Order VALUES ('20240301005', '1/3/2024', '15:39:48', 'card', NULLIF('3742-8382-6101-0570', ''), NULLIF('americanexpress', ''), '3.5');
INSERT INTO Food_Order VALUES ('20240301006', '1/3/2024', '16:19:03', 'card', NULLIF('5002-3594-5319-1014', ''), NULLIF('mastercard', ''), '12');
INSERT INTO Food_Order VALUES ('20240301007', '1/3/2024', '18:39:04', 'card', NULLIF('3438-5506-5448-2790', ''), NULLIF('americanexpress', ''), '7');
INSERT INTO Food_Order VALUES ('20240301008', '1/3/2024', '19:22:02', 'card', NULLIF('5122-4098-9757-8766', ''), NULLIF('mastercard', ''), '17.5');
INSERT INTO Food_Order VALUES ('20240301009', '1/3/2024', '19:29:17', 'card', NULLIF('3742-8376-7036-0310', ''), NULLIF('americanexpress', ''), '3.5');
INSERT INTO Food_Order VALUES ('20240302001', '2/3/2024', '10:22:07', 'card', NULLIF('4041-3757-4304-3407', ''), NULLIF('visa', ''), '6');
INSERT INTO Food_Order VALUES ('20240302002', '2/3/2024', '10:30:36', 'cash', NULLIF('', ''), NULLIF('', ''), '8');
INSERT INTO Food_Order VALUES ('20240302003', '2/3/2024', '10:41:41', 'card', NULLIF('3742-8862-9783-4150', ''), NULLIF('americanexpress', ''), '3.5');
INSERT INTO Food_Order VALUES ('20240302004', '2/3/2024', '11:59:45', 'card', NULLIF('5100-1491-9212-0304', ''), NULLIF('mastercard', ''), '7');
INSERT INTO Food_Order VALUES ('20240302005', '2/3/2024', '14:38:36', 'card', NULLIF('5108-7546-4908-7766', ''), NULLIF('mastercard', ''), '3');
INSERT INTO Food_Order VALUES ('20240302006', '2/3/2024', '16:37:24', 'card', NULLIF('4262-9066-4365-7000', ''), NULLIF('visa', ''), '3.5');
INSERT INTO Food_Order VALUES ('20240302007', '2/3/2024', '17:34:55', 'card', NULLIF('3379-4110-3466-1310', ''), NULLIF('americanexpress', ''), '9');
INSERT INTO Food_Order VALUES ('20240303001', '3/3/2024', '10:10:44', 'cash', NULLIF('', ''), NULLIF('', ''), '12');
INSERT INTO Food_Order VALUES ('20240303002', '3/3/2024', '10:27:19', 'card', NULLIF('3723-0139-1287-8790', ''), NULLIF('americanexpress', ''), '4');
INSERT INTO Food_Order VALUES ('20240303003', '3/3/2024', '11:33:56', 'card', NULLIF('4858-5115-7122-3000', ''), NULLIF('visa', ''), '6');
INSERT INTO Food_Order VALUES ('20240303004', '3/3/2024', '12:26:56', 'card', NULLIF('5100-1491-9212-0304', ''), NULLIF('mastercard', ''), '6');
INSERT INTO Food_Order VALUES ('20240303005', '3/3/2024', '13:09:36', 'card', NULLIF('5100-1472-8131-7534', ''), NULLIF('mastercard', ''), '4');
INSERT INTO Food_Order VALUES ('20240303006', '3/3/2024', '17:06:40', 'card', NULLIF('5100-1730-4728-0832', ''), NULLIF('mastercard', ''), '4');
INSERT INTO Food_Order VALUES ('20240303007', '3/3/2024', '17:08:46', 'card', NULLIF('4017-9500-6281-0000', ''), NULLIF('visa', ''), '3');
INSERT INTO Food_Order VALUES ('20240303008', '3/3/2024', '18:03:23', 'card', NULLIF('4041-5965-2059-3000', ''), NULLIF('visa', ''), '18');
INSERT INTO Food_Order VALUES ('20240304001', '4/3/2024', '10:03:52', 'card', NULLIF('3742-8375-6443-8590', ''), NULLIF('americanexpress', ''), '12');
INSERT INTO Food_Order VALUES ('20240304002', '4/3/2024', '10:54:51', 'card', NULLIF('5100-1431-0442-7071', ''), NULLIF('mastercard', ''), '12');
INSERT INTO Food_Order VALUES ('20240304003', '4/3/2024', '11:05:16', 'card', NULLIF('5100-1491-9212-0304', ''), NULLIF('mastercard', ''), '3.5');
INSERT INTO Food_Order VALUES ('20240304004', '4/3/2024', '14:04:38', 'card', NULLIF('3481-6980-7796-5230', ''), NULLIF('americanexpress', ''), '7.5');
INSERT INTO Food_Order VALUES ('20240305001', '5/3/2024', '9:59:53', 'card', NULLIF('3742-8375-6443-8590', ''), NULLIF('americanexpress', ''), '12');
INSERT INTO Food_Order VALUES ('20240305002', '5/3/2024', '14:34:56', 'card', NULLIF('3742-8889-7783-4510', ''), NULLIF('americanexpress', ''), '8');
INSERT INTO Food_Order VALUES ('20240305003', '5/3/2024', '17:34:06', 'card', NULLIF('5002-3537-1745-1926', ''), NULLIF('mastercard', ''), '4');
INSERT INTO Food_Order VALUES ('20240305004', '5/3/2024', '17:35:25', 'card', NULLIF('3742-8385-3694-9250', ''), NULLIF('americanexpress', ''), '4');
INSERT INTO Food_Order VALUES ('20240305005', '5/3/2024', '17:36:29', 'card', NULLIF('3403-2288-8123-5330', ''), NULLIF('americanexpress', ''), '16');
INSERT INTO Food_Order VALUES ('20240305006', '5/3/2024', '17:56:16', 'card', NULLIF('3497-9717-6891-3400', ''), NULLIF('americanexpress', ''), '15');
INSERT INTO Food_Order VALUES ('20240306001', '6/3/2024', '12:30:27', 'cash', NULLIF('', ''), NULLIF('', ''), '7');
INSERT INTO Food_Order VALUES ('20240306002', '6/3/2024', '13:24:08', 'card', NULLIF('5100-1491-9212-0304', ''), NULLIF('mastercard', ''), '12');
INSERT INTO Food_Order VALUES ('20240306003', '6/3/2024', '14:52:02', 'card', NULLIF('5580-9476-7037-6028', ''), NULLIF('mastercard', ''), '8');
INSERT INTO Food_Order VALUES ('20240307001', '7/3/2024', '10:08:59', 'cash', NULLIF('', ''), NULLIF('', ''), '12');
INSERT INTO Food_Order VALUES ('20240307002', '7/3/2024', '10:18:41', 'card', NULLIF('3723-0124-5489-1920', ''), NULLIF('americanexpress', ''), '4');
INSERT INTO Food_Order VALUES ('20240307003', '7/3/2024', '11:03:59', 'card', NULLIF('3746-2243-5619-5890', ''), NULLIF('americanexpress', ''), '8');
INSERT INTO Food_Order VALUES ('20240307004', '7/3/2024', '11:25:44', 'cash', NULLIF('', ''), NULLIF('', ''), '4');
INSERT INTO Food_Order VALUES ('20240307005', '7/3/2024', '15:40:23', 'card', NULLIF('5108-7557-3480-9949', ''), NULLIF('mastercard', ''), '9');
INSERT INTO Food_Order VALUES ('20240307006', '7/3/2024', '15:41:29', 'card', NULLIF('4041-5976-8082-0030', ''), NULLIF('visa', ''), '3.5');
INSERT INTO Food_Order VALUES ('20240308001', '8/3/2024', '10:34:41', 'card', NULLIF('5100-1491-9212-0304', ''), NULLIF('mastercard', ''), '3');
INSERT INTO Food_Order VALUES ('20240308002', '8/3/2024', '12:22:29', 'card', NULLIF('5100-1476-0010-6766', ''), NULLIF('mastercard', ''), '14');
INSERT INTO Food_Order VALUES ('20240308003', '8/3/2024', '13:53:02', 'card', NULLIF('3746-2267-7977-3800', ''), NULLIF('americanexpress', ''), '3');
INSERT INTO Food_Order VALUES ('20240308004', '8/3/2024', '14:44:13', 'card', NULLIF('5100-1491-9212-0304', ''), NULLIF('mastercard', ''), '9');
INSERT INTO Food_Order VALUES ('20240308005', '8/3/2024', '14:46:11', 'card', NULLIF('5100-1491-9212-0304', ''), NULLIF('mastercard', ''), '10.5');
INSERT INTO Food_Order VALUES ('20240308006', '8/3/2024', '18:57:51', 'card', NULLIF('5108-7563-7574-5509', ''), NULLIF('mastercard', ''), '8');
INSERT INTO Food_Order VALUES ('20240308007', '8/3/2024', '18:59:25', 'card', NULLIF('5595-3741-1080-7194', ''), NULLIF('mastercard', ''), '8');
INSERT INTO Food_Order VALUES ('20240309001', '9/3/2024', '11:49:37', 'cash', NULLIF('', ''), NULLIF('', ''), '8');
INSERT INTO Food_Order VALUES ('20240309002', '9/3/2024', '12:05:16', 'card', NULLIF('3379-4133-9159-6820', ''), NULLIF('americanexpress', ''), '7.5');
INSERT INTO Food_Order VALUES ('20240309003', '9/3/2024', '12:07:38', 'card', NULLIF('3732-7452-5728-0440', ''), NULLIF('americanexpress', ''), '3');
INSERT INTO Food_Order VALUES ('20240309004', '9/3/2024', '12:09:48', 'card', NULLIF('5100-1491-9212-0304', ''), NULLIF('mastercard', ''), '8');
INSERT INTO Food_Order VALUES ('20240309005', '9/3/2024', '12:13:04', 'card', NULLIF('5002-3569-0363-0476', ''), NULLIF('mastercard', ''), '18');
INSERT INTO Food_Order VALUES ('20240309006', '9/3/2024', '13:09:22', 'card', NULLIF('5100-1799-9452-2514', ''), NULLIF('mastercard', ''), '4');
INSERT INTO Food_Order VALUES ('20240309007', '9/3/2024', '13:41:06', 'card', NULLIF('3379-4193-0309-6940', ''), NULLIF('americanexpress', ''), '3.5');
INSERT INTO Food_Order VALUES ('20240309008', '9/3/2024', '13:53:10', 'card', NULLIF('3379-4111-9036-1180', ''), NULLIF('americanexpress', ''), '22');
INSERT INTO Food_Order VALUES ('20240309009', '9/3/2024', '14:08:02', 'card', NULLIF('3742-8376-7036-0310', ''), NULLIF('americanexpress', ''), '3.5');
INSERT INTO Food_Order VALUES ('20240309010', '9/3/2024', '14:26:53', 'card', NULLIF('4133-3674-0586-2000', ''), NULLIF('visa', ''), '4');
INSERT INTO Food_Order VALUES ('20240309011', '9/3/2024', '19:17:58', 'card', NULLIF('3742-8376-7036-0310', ''), NULLIF('americanexpress', ''), '16');
INSERT INTO Food_Order VALUES ('20240310001', '10/3/2024', '7:44:19', 'cash', NULLIF('', ''), NULLIF('', ''), '6');
INSERT INTO Food_Order VALUES ('20240310002', '10/3/2024', '7:45:29', 'cash', NULLIF('', ''), NULLIF('', ''), '7');
INSERT INTO Food_Order VALUES ('20240310003', '10/3/2024', '10:06:03', 'cash', NULLIF('', ''), NULLIF('', ''), '12');
INSERT INTO Food_Order VALUES ('20240310004', '10/3/2024', '11:19:21', 'card', NULLIF('4174-4875-8615-6250', ''), NULLIF('visa', ''), '2.5');
INSERT INTO Food_Order VALUES ('20240310005', '10/3/2024', '17:51:03', 'cash', NULLIF('', ''), NULLIF('', ''), '3.5');
INSERT INTO Food_Order VALUES ('20240310006', '10/3/2024', '19:34:00', 'card', NULLIF('4041-3789-4360-9000', ''), NULLIF('visa', ''), '10');
INSERT INTO Food_Order VALUES ('20240311001', '11/3/2024', '10:18:47', 'cash', NULLIF('', ''), NULLIF('', ''), '8');
INSERT INTO Food_Order VALUES ('20240311002', '11/3/2024', '11:24:15', 'cash', NULLIF('', ''), NULLIF('', ''), '28');
INSERT INTO Food_Order VALUES ('20240311003', '11/3/2024', '11:26:44', 'cash', NULLIF('', ''), NULLIF('', ''), '6');
INSERT INTO Food_Order VALUES ('20240311004', '11/3/2024', '11:32:59', 'card', NULLIF('3746-2267-7977-3800', ''), NULLIF('americanexpress', ''), '12');
INSERT INTO Food_Order VALUES ('20240311005', '11/3/2024', '16:24:26', 'card', NULLIF('3723-0169-8744-2340', ''), NULLIF('americanexpress', ''), '13');
INSERT INTO Food_Order VALUES ('20240311006', '11/3/2024', '16:50:50', 'card', NULLIF('5002-3535-6371-6844', ''), NULLIF('mastercard', ''), '3');
INSERT INTO Food_Order VALUES ('20240312001', '12/3/2024', '10:15:00', 'cash', NULLIF('', ''), NULLIF('', ''), '10');
INSERT INTO Food_Order VALUES ('20240312002', '12/3/2024', '11:20:46', 'card', NULLIF('4017-9548-4025-2000', ''), NULLIF('visa', ''), '4');
INSERT INTO Food_Order VALUES ('20240312003', '12/3/2024', '12:46:23', 'card', NULLIF('3379-4110-3466-1310', ''), NULLIF('americanexpress', ''), '11.5');
INSERT INTO Food_Order VALUES ('20240312004', '12/3/2024', '16:15:43', 'card', NULLIF('4041-3757-9743-1300', ''), NULLIF('visa', ''), '3');
INSERT INTO Food_Order VALUES ('20240313001', '13/3/2024', '11:06:43', 'card', NULLIF('5002-3535-6371-6844', ''), NULLIF('mastercard', ''), '4');
INSERT INTO Food_Order VALUES ('20240313002', '13/3/2024', '11:48:17', 'card', NULLIF('3379-4110-3466-1310', ''), NULLIF('americanexpress', ''), '9');
INSERT INTO Food_Order VALUES ('20240313003', '13/3/2024', '12:18:06', 'card', NULLIF('5010-1254-1009-8745', ''), NULLIF('mastercard', ''), '9');
INSERT INTO Food_Order VALUES ('20240313004', '13/3/2024', '12:34:30', 'cash', NULLIF('', ''), NULLIF('', ''), '2.5');
INSERT INTO Food_Order VALUES ('20240313005', '13/3/2024', '14:26:41', 'card', NULLIF('5100-1797-2040-5596', ''), NULLIF('mastercard', ''), '3.5');
INSERT INTO Food_Order VALUES ('20240313006', '13/3/2024', '15:40:22', 'card', NULLIF('3496-4064-9957-2820', ''), NULLIF('americanexpress', ''), '5');
INSERT INTO Food_Order VALUES ('20240313007', '13/3/2024', '16:47:09', 'card', NULLIF('5002-3537-1118-7039', ''), NULLIF('mastercard', ''), '2.5');
INSERT INTO Food_Order VALUES ('20240314001', '14/3/2024', '10:02:12', 'cash', NULLIF('', ''), NULLIF('', ''), '12');
INSERT INTO Food_Order VALUES ('20240314002', '14/3/2024', '10:28:33', 'card', NULLIF('3467-8049-1629-5720', ''), NULLIF('americanexpress', ''), '8');
INSERT INTO Food_Order VALUES ('20240314003', '14/3/2024', '13:27:30', 'card', NULLIF('5100-1491-9212-0304', ''), NULLIF('mastercard', ''), '9');
INSERT INTO Food_Order VALUES ('20240314004', '14/3/2024', '13:52:00', 'card', NULLIF('3742-8891-3860-3410', ''), NULLIF('americanexpress', ''), '6');
INSERT INTO Food_Order VALUES ('20240314005', '14/3/2024', '15:20:38', 'card', NULLIF('3472-4498-2563-5180', ''), NULLIF('americanexpress', ''), '8');
INSERT INTO Food_Order VALUES ('20240314006', '14/3/2024', '16:04:10', 'card', NULLIF('5197-0833-2516-0701', ''), NULLIF('mastercard', ''), '3.5');
INSERT INTO Food_Order VALUES ('20240314007', '14/3/2024', '16:54:38', 'card', NULLIF('4041-3757-9743-1300', ''), NULLIF('visa', ''), '2.5');
INSERT INTO Food_Order VALUES ('20240314008', '14/3/2024', '18:58:56', 'card', NULLIF('4017-9500-6281-0000', ''), NULLIF('visa', ''), '4');
INSERT INTO Food_Order VALUES ('20240314009', '14/3/2024', '19:00:09', 'card', NULLIF('5100-1491-9212-0304', ''), NULLIF('mastercard', ''), '9');
INSERT INTO Food_Order VALUES ('20240315001', '15/3/2024', '10:02:17', 'cash', NULLIF('', ''), NULLIF('', ''), '12');
INSERT INTO Food_Order VALUES ('20240315002', '15/3/2024', '10:53:02', 'card', NULLIF('4101-1432-6249-3000', ''), NULLIF('visa', ''), '12');
INSERT INTO Food_Order VALUES ('20240315003', '15/3/2024', '18:19:28', 'card', NULLIF('5100-1491-9212-0304', ''), NULLIF('mastercard', ''), '3');
INSERT INTO Food_Order VALUES ('20240316001', '16/3/2024', '12:06:55', 'card', NULLIF('3723-0141-1548-4660', ''), NULLIF('americanexpress', ''), '6.5');
INSERT INTO Food_Order VALUES ('20240316002', '16/3/2024', '15:58:18', 'card', NULLIF('3742-8376-7036-0310', ''), NULLIF('americanexpress', ''), '10');
INSERT INTO Food_Order VALUES ('20240316003', '16/3/2024', '17:58:07', 'card', NULLIF('5233-1007-9850-4441', ''), NULLIF('mastercard', ''), '7');
INSERT INTO Food_Order VALUES ('20240317001', '17/3/2024', '10:10:21', 'cash', NULLIF('', ''), NULLIF('', ''), '4');
SELECT * FROM Food_Order;

INSERT INTO Ordered_By VALUES ('20240301002', '93627414');
INSERT INTO Ordered_By VALUES ('20240301005', '89007281');
INSERT INTO Ordered_By VALUES ('20240301006', '81059611');
INSERT INTO Ordered_By VALUES ('20240301007', '93342383');
INSERT INTO Ordered_By VALUES ('20240301008', '85625766');
INSERT INTO Ordered_By VALUES ('20240302003', '95672712');
INSERT INTO Ordered_By VALUES ('20240302005', '94385675');
INSERT INTO Ordered_By VALUES ('20240302006', '97416639');
INSERT INTO Ordered_By VALUES ('20240302007', '87113774');
INSERT INTO Ordered_By VALUES ('20240303002', '95961010');
INSERT INTO Ordered_By VALUES ('20240303006', '96537349');
INSERT INTO Ordered_By VALUES ('20240304001', '93603800');
INSERT INTO Ordered_By VALUES ('20240304002', '87433248');
INSERT INTO Ordered_By VALUES ('20240304004', '98216900');
INSERT INTO Ordered_By VALUES ('20240305001', '93603800');
INSERT INTO Ordered_By VALUES ('20240305002', '95624750');
INSERT INTO Ordered_By VALUES ('20240305003', '85205752');
INSERT INTO Ordered_By VALUES ('20240306003', '93344468');
INSERT INTO Ordered_By VALUES ('20240307006', '83187835');
INSERT INTO Ordered_By VALUES ('20240308002', '87547836');
INSERT INTO Ordered_By VALUES ('20240308005', '97691181');
INSERT INTO Ordered_By VALUES ('20240308006', '87607692');
INSERT INTO Ordered_By VALUES ('20240309002', '88828022');
INSERT INTO Ordered_By VALUES ('20240309003', '84566470');
INSERT INTO Ordered_By VALUES ('20240309004', '97691181');
INSERT INTO Ordered_By VALUES ('20240309007', '93045837');
INSERT INTO Ordered_By VALUES ('20240309008', '82284578');
INSERT INTO Ordered_By VALUES ('20240309010', '96889998');
INSERT INTO Ordered_By VALUES ('20240310006', '92129218');
INSERT INTO Ordered_By VALUES ('20240312003', '87113774');
INSERT INTO Ordered_By VALUES ('20240313001', '84022062');
INSERT INTO Ordered_By VALUES ('20240313002', '87113774');
INSERT INTO Ordered_By VALUES ('20240313006', '89501162');
INSERT INTO Ordered_By VALUES ('20240313007', '83796640');
INSERT INTO Ordered_By VALUES ('20240314002', '83955714');
INSERT INTO Ordered_By VALUES ('20240314003', '97691181');
INSERT INTO Ordered_By VALUES ('20240314005', '97047051');
INSERT INTO Ordered_By VALUES ('20240314006', '84859600');
INSERT INTO Ordered_By VALUES ('20240314009', '97691181');
INSERT INTO Ordered_By VALUES ('20240315003', '97691181');
SELECT * FROM Ordered_By;

INSERT INTO Prepare VALUES ('20240301001', 'Rendang', 'STAFF-01', '1');
INSERT INTO Prepare VALUES ('20240301002', 'Ayam Balado', 'STAFF-03', '3');
INSERT INTO Prepare VALUES ('20240301002', 'Ayam Balado', 'STAFF-04', '1');
INSERT INTO Prepare VALUES ('20240301003', 'Gudeg', 'STAFF-05', '3');
INSERT INTO Prepare VALUES ('20240301004', 'Rendang', 'STAFF-06', '2');
INSERT INTO Prepare VALUES ('20240301005', 'Rinderrouladen', 'STAFF-02', '1');
INSERT INTO Prepare VALUES ('20240301006', 'Ayam Balado', 'STAFF-07', '3');
INSERT INTO Prepare VALUES ('20240301007', 'Rinderrouladen', 'STAFF-09', '2');
INSERT INTO Prepare VALUES ('20240301008', 'Rinderrouladen', 'STAFF-12', '1');
INSERT INTO Prepare VALUES ('20240301008', 'Sauerbraten', 'STAFF-11', '4');
INSERT INTO Prepare VALUES ('20240301009', 'Rinderrouladen', 'STAFF-01', '1');
INSERT INTO Prepare VALUES ('20240302001', 'Gudeg', 'STAFF-08', '2');
INSERT INTO Prepare VALUES ('20240302002', 'Rendang', 'STAFF-10', '2');
INSERT INTO Prepare VALUES ('20240302003', 'Rinderrouladen', 'STAFF-02', '1');
INSERT INTO Prepare VALUES ('20240302004', 'Rinderrouladen', 'STAFF-04', '2');
INSERT INTO Prepare VALUES ('20240302005', 'Gudeg', 'STAFF-03', '1');
INSERT INTO Prepare VALUES ('20240302006', 'Rinderrouladen', 'STAFF-05', '1');
INSERT INTO Prepare VALUES ('20240302007', 'Gudeg', 'STAFF-06', '3');
INSERT INTO Prepare VALUES ('20240303001', 'Rendang', 'STAFF-07', '3');
INSERT INTO Prepare VALUES ('20240303002', 'Rendang', 'STAFF-08', '1');
INSERT INTO Prepare VALUES ('20240303003', 'Bun Cha', 'STAFF-11', '2');
INSERT INTO Prepare VALUES ('20240303004', 'Gudeg', 'STAFF-09', '2');
INSERT INTO Prepare VALUES ('20240303005', 'Ayam Balado', 'STAFF-10', '1');
INSERT INTO Prepare VALUES ('20240303006', 'Sauerbraten', 'STAFF-12', '1');
INSERT INTO Prepare VALUES ('20240303007', 'Bun Cha', 'STAFF-03', '1');
INSERT INTO Prepare VALUES ('20240303008', 'Rinderrouladen', 'STAFF-02', '1');
INSERT INTO Prepare VALUES ('20240303008', 'Ayam Balado', 'STAFF-04', '1');
INSERT INTO Prepare VALUES ('20240303008', 'Rinderrouladen', 'STAFF-01', '3');
INSERT INTO Prepare VALUES ('20240304001', 'Rendang', 'STAFF-05', '3');
INSERT INTO Prepare VALUES ('20240304002', 'Rendang', 'STAFF-06', '3');
INSERT INTO Prepare VALUES ('20240304003', 'Rinderrouladen', 'STAFF-07', '1');
INSERT INTO Prepare VALUES ('20240304004', 'Thunder Tea Rice', 'STAFF-08', '3');
INSERT INTO Prepare VALUES ('20240305001', 'Rendang', 'STAFF-09', '3');
INSERT INTO Prepare VALUES ('20240305002', 'Rendang', 'STAFF-10', '2');
INSERT INTO Prepare VALUES ('20240305003', 'Rendang', 'STAFF-11', '1');
INSERT INTO Prepare VALUES ('20240305004', 'Ayam Balado', 'STAFF-12', '1');
INSERT INTO Prepare VALUES ('20240305005', 'Ayam Balado', 'STAFF-03', '1');
INSERT INTO Prepare VALUES ('20240305005', 'Ayam Balado', 'STAFF-04', '1');
INSERT INTO Prepare VALUES ('20240305005', 'Sauerbraten', 'STAFF-01', '2');
INSERT INTO Prepare VALUES ('20240305006', 'Ayam Balado', 'STAFF-06', '3');
INSERT INTO Prepare VALUES ('20240305006', 'Bun Cha', 'STAFF-05', '1');
INSERT INTO Prepare VALUES ('20240306001', 'Rinderrouladen', 'STAFF-02', '2');
INSERT INTO Prepare VALUES ('20240306002', 'Bun Cha', 'STAFF-08', '1');
INSERT INTO Prepare VALUES ('20240306002', 'Gudeg', 'STAFF-07', '3');
INSERT INTO Prepare VALUES ('20240306003', 'Palak Paneer', 'STAFF-11', '1');
INSERT INTO Prepare VALUES ('20240306003', 'Palak Paneer', 'STAFF-12', '1');
INSERT INTO Prepare VALUES ('20240307001', 'Rendang', 'STAFF-09', '3');
INSERT INTO Prepare VALUES ('20240307002', 'Ayam Balado', 'STAFF-10', '1');
INSERT INTO Prepare VALUES ('20240307003', 'Rendang', 'STAFF-01', '2');
INSERT INTO Prepare VALUES ('20240307004', 'Rendang', 'STAFF-03', '1');
INSERT INTO Prepare VALUES ('20240307005', 'Gudeg', 'STAFF-04', '3');
INSERT INTO Prepare VALUES ('20240307006', 'Rinderrouladen', 'STAFF-02', '1');
INSERT INTO Prepare VALUES ('20240308001', 'Bun Cha', 'STAFF-05', '1');
INSERT INTO Prepare VALUES ('20240308002', 'Palak Paneer', 'STAFF-06', '4');
INSERT INTO Prepare VALUES ('20240308003', 'Gudeg', 'STAFF-07', '1');
INSERT INTO Prepare VALUES ('20240308004', 'Gudeg', 'STAFF-09', '1');
INSERT INTO Prepare VALUES ('20240308004', 'Gudeg', 'STAFF-08', '2');
INSERT INTO Prepare VALUES ('20240308005', 'Rinderrouladen', 'STAFF-11', '3');
INSERT INTO Prepare VALUES ('20240308006', 'Rendang', 'STAFF-10', '2');
INSERT INTO Prepare VALUES ('20240308007', 'Rendang', 'STAFF-12', '2');
INSERT INTO Prepare VALUES ('20240309001', 'Ayam Balado', 'STAFF-01', '2');
INSERT INTO Prepare VALUES ('20240309002', 'Thunder Tea Rice', 'STAFF-02', '3');
INSERT INTO Prepare VALUES ('20240309003', 'Gudeg', 'STAFF-03', '1');
INSERT INTO Prepare VALUES ('20240309004', 'Palak Paneer', 'STAFF-06', '2');
INSERT INTO Prepare VALUES ('20240309005', 'Gudeg', 'STAFF-04', '3');
INSERT INTO Prepare VALUES ('20240309005', 'Gudeg', 'STAFF-05', '3');
INSERT INTO Prepare VALUES ('20240309006', 'Rendang', 'STAFF-07', '1');
INSERT INTO Prepare VALUES ('20240309007', 'Rinderrouladen', 'STAFF-09', '1');
INSERT INTO Prepare VALUES ('20240309008', 'Bun Cha', 'STAFF-08', '4');
INSERT INTO Prepare VALUES ('20240309008', 'Palak Paneer', 'STAFF-11', '3');
INSERT INTO Prepare VALUES ('20240309009', 'Rinderrouladen', 'STAFF-12', '1');
INSERT INTO Prepare VALUES ('20240309010', 'Ayam Balado', 'STAFF-10', '1');
INSERT INTO Prepare VALUES ('20240309011', 'Ayam Balado', 'STAFF-01', '3');
INSERT INTO Prepare VALUES ('20240309011', 'Palak Paneer', 'STAFF-03', '1');
INSERT INTO Prepare VALUES ('20240310001', 'Gudeg', 'STAFF-04', '2');
INSERT INTO Prepare VALUES ('20240310002', 'Rinderrouladen', 'STAFF-02', '2');
INSERT INTO Prepare VALUES ('20240310003', 'Rendang', 'STAFF-05', '3');
INSERT INTO Prepare VALUES ('20240310004', 'Thunder Tea Rice', 'STAFF-06', '1');
INSERT INTO Prepare VALUES ('20240310005', 'Rinderrouladen', 'STAFF-07', '1');
INSERT INTO Prepare VALUES ('20240310006', 'Bun Cha', 'STAFF-11', '2');
INSERT INTO Prepare VALUES ('20240310006', 'Rendang', 'STAFF-08', '1');
INSERT INTO Prepare VALUES ('20240311001', 'Rendang', 'STAFF-09', '2');
INSERT INTO Prepare VALUES ('20240311002', 'Bun Cha', 'STAFF-03', '4');
INSERT INTO Prepare VALUES ('20240311002', 'Palak Paneer', 'STAFF-12', '4');
INSERT INTO Prepare VALUES ('20240311003', 'Gudeg', 'STAFF-10', '2');
INSERT INTO Prepare VALUES ('20240311004', 'Palak Paneer', 'STAFF-06', '3');
INSERT INTO Prepare VALUES ('20240311005', 'Gudeg', 'STAFF-01', '3');
INSERT INTO Prepare VALUES ('20240311005', 'Rendang', 'STAFF-04', '1');
INSERT INTO Prepare VALUES ('20240311006', 'Bun Cha', 'STAFF-05', '1');
INSERT INTO Prepare VALUES ('20240312001', 'Bun Cha', 'STAFF-11', '1');
INSERT INTO Prepare VALUES ('20240312001', 'Gudeg', 'STAFF-08', '1');
INSERT INTO Prepare VALUES ('20240312001', 'Rendang', 'STAFF-07', '1');
INSERT INTO Prepare VALUES ('20240312002', 'Ayam Balado', 'STAFF-09', '1');
INSERT INTO Prepare VALUES ('20240312003', 'Gudeg', 'STAFF-10', '1');
INSERT INTO Prepare VALUES ('20240312003', 'Rinderrouladen', 'STAFF-02', '3');
INSERT INTO Prepare VALUES ('20240312004', 'Gudeg', 'STAFF-12', '1');
INSERT INTO Prepare VALUES ('20240313001', 'Ayam Balado', 'STAFF-01', '1');
INSERT INTO Prepare VALUES ('20240313002', 'Gudeg', 'STAFF-03', '3');
INSERT INTO Prepare VALUES ('20240313003', 'Gudeg', 'STAFF-04', '1');
INSERT INTO Prepare VALUES ('20240313003', 'Gudeg', 'STAFF-05', '2');
SELECT * FROM Prepare;