INSERT INTO cuisine VALUES ('Indonesian');
INSERT INTO cuisine VALUES ('German');
INSERT INTO cuisine VALUES ('Vietnamese');
INSERT INTO cuisine VALUES ('Chinese');
INSERT INTO cuisine VALUES ('Indian');
SELECT * FROM cuisine;

INSERT INTO menu VALUES ('Rendang', '4', 'Indonesian');
INSERT INTO menu VALUES ('Ayam Balado', '4', 'Indonesian');
INSERT INTO menu VALUES ('Gudeg', '3', 'Indonesian');
INSERT INTO menu VALUES ('Rinderrouladen', '3.5', 'German');
INSERT INTO menu VALUES ('Sauerbraten', '4', 'German');
INSERT INTO menu VALUES ('Bun Cha', '3', 'Vietnamese');
INSERT INTO menu VALUES ('Thunder Tea Rice', '2.5', 'Chinese');
INSERT INTO menu VALUES ('Palak Paneer', '4', 'Indian');
SELECT * FROM menu;

INSERT INTO staff VALUES ('STAFF-01', 'Kat');
INSERT INTO staff VALUES ('STAFF-02', 'Kat');
INSERT INTO staff VALUES ('STAFF-03', 'Taro');
INSERT INTO staff VALUES ('STAFF-04', 'Owens');
INSERT INTO staff VALUES ('STAFF-05', 'Migi');
INSERT INTO staff VALUES ('STAFF-06', 'Dari');
INSERT INTO staff VALUES ('STAFF-07', 'Ida');
INSERT INTO staff VALUES ('STAFF-08', 'Neyu');
INSERT INTO staff VALUES ('STAFF-09', 'Rodion');
INSERT INTO staff VALUES ('STAFF-10', 'Neon');
INSERT INTO staff VALUES ('STAFF-11', 'Evan');
INSERT INTO staff VALUES ('STAFF-12', 'Gerion');
SELECT * FROM staff;

INSERT INTO make VALUES ('STAFF-01', 'Indonesian');
INSERT INTO make VALUES ('STAFF-01', 'German');
INSERT INTO make VALUES ('STAFF-02', 'German');
INSERT INTO make VALUES ('STAFF-02', 'Chinese');
INSERT INTO make VALUES ('STAFF-03', 'Vietnamese');
INSERT INTO make VALUES ('STAFF-03', 'Chinese');
INSERT INTO make VALUES ('STAFF-03', 'Indian');
INSERT INTO make VALUES ('STAFF-03', 'Indonesian');
INSERT INTO make VALUES ('STAFF-04', 'Indonesian');
INSERT INTO make VALUES ('STAFF-04', 'German');
INSERT INTO make VALUES ('STAFF-05', 'Indonesian');
INSERT INTO make VALUES ('STAFF-05', 'German');
INSERT INTO make VALUES ('STAFF-05', 'Vietnamese');
INSERT INTO make VALUES ('STAFF-06', 'Indonesian');
INSERT INTO make VALUES ('STAFF-06', 'German');
INSERT INTO make VALUES ('STAFF-06', 'Chinese');
INSERT INTO make VALUES ('STAFF-06', 'Indian');
INSERT INTO make VALUES ('STAFF-06', 'Vietnamese');
INSERT INTO make VALUES ('STAFF-07', 'Indonesian');
INSERT INTO make VALUES ('STAFF-07', 'German');
INSERT INTO make VALUES ('STAFF-07', 'Vietnamese');
INSERT INTO make VALUES ('STAFF-07', 'Chinese');
INSERT INTO make VALUES ('STAFF-08', 'Vietnamese');
INSERT INTO make VALUES ('STAFF-08', 'Chinese');
INSERT INTO make VALUES ('STAFF-08', 'Indian');
INSERT INTO make VALUES ('STAFF-08', 'Indonesian');
INSERT INTO make VALUES ('STAFF-09', 'Indonesian');
INSERT INTO make VALUES ('STAFF-09', 'German');
INSERT INTO make VALUES ('STAFF-10', 'Indonesian');
INSERT INTO make VALUES ('STAFF-11', 'Indonesian');
INSERT INTO make VALUES ('STAFF-11', 'German');
INSERT INTO make VALUES ('STAFF-11', 'Vietnamese');
INSERT INTO make VALUES ('STAFF-11', 'Chinese');
INSERT INTO make VALUES ('STAFF-11', 'Indian');
INSERT INTO make VALUES ('STAFF-12', 'Indonesian');
INSERT INTO make VALUES ('STAFF-12', 'German');
INSERT INTO make VALUES ('STAFF-12', 'Vietnamese');
INSERT INTO make VALUES ('STAFF-12', 'Chinese');
INSERT INTO make VALUES ('STAFF-12', 'Indian');
SELECT * FROM make;

INSERT INTO registration VALUES ('2024-03-01', '00:00:00', '', '', '');
INSERT INTO registration VALUES ('2024-03-01', '12:19:23', '93627414', 'Ignazio', 'Abrahmer');
INSERT INTO registration VALUES ('2024-03-01', '15:39:48', '89007281', 'Bernard', 'Cowlard');
INSERT INTO registration VALUES ('2024-03-01', '16:19:03', '81059611', 'Laurette', 'Birney');
INSERT INTO registration VALUES ('2024-03-01', '18:39:04', '93342383', 'Corby', 'Crinage');
INSERT INTO registration VALUES ('2024-03-01', '19:22:02', '85625766', 'Mal', 'Bavister');
INSERT INTO registration VALUES ('2024-03-02', '10:41:41', '95672712', 'Terese', 'Chetwind');
INSERT INTO registration VALUES ('2024-03-02', '14:38:36', '94385675', 'Kipp', 'Pettifer');
INSERT INTO registration VALUES ('2024-03-02', '16:37:24', '97416639', 'Ernestine', 'Loughney');
INSERT INTO registration VALUES ('2024-03-02', '17:34:55', '87113774', 'Estell', 'Barwell');
INSERT INTO registration VALUES ('2024-03-03', '10:27:19', '95961010', 'Othello', 'Reymers');
INSERT INTO registration VALUES ('2024-03-03', '17:06:40', '96537349', 'Grissel', 'Howels');
INSERT INTO registration VALUES ('2024-03-04', '10:03:52', '93603800', 'Maddie', 'Izkoveski');
INSERT INTO registration VALUES ('2024-03-04', '10:54:51', '87433248', 'Nolan', 'Capelin');
INSERT INTO registration VALUES ('2024-03-04', '14:04:38', '98216900', 'Alyce', 'Brenard');
INSERT INTO registration VALUES ('2024-03-05', '14:34:56', '95624750', 'Jacenta', 'Buxsy');
INSERT INTO registration VALUES ('2024-03-05', '17:34:06', '85205752', 'Kiah', 'Cotter');
INSERT INTO registration VALUES ('2024-03-06', '14:52:02', '93344468', 'Gage', 'Whaymand');
INSERT INTO registration VALUES ('2024-03-07', '15:41:29', '83187835', 'Rickey', 'Hector');
INSERT INTO registration VALUES ('2024-03-08', '12:22:29', '87547836', 'Flynn', 'Massot');
INSERT INTO registration VALUES ('2024-03-08', '14:19:56', '85175137', 'Javier', 'Metzel');
INSERT INTO registration VALUES ('2024-03-08', '14:46:11', '97691181', 'Jecho', 'Sirkett');
INSERT INTO registration VALUES ('2024-03-08', '18:57:51', '87607692', 'Afton', 'Perch');
INSERT INTO registration VALUES ('2024-03-09', '07:00:36', '86045065', 'Christiane', 'Beeze');
INSERT INTO registration VALUES ('2024-03-09', '12:05:16', '88828022', 'Hanson', 'Landal');
INSERT INTO registration VALUES ('2024-03-09', '12:07:38', '84566470', 'Roscoe', 'Slowgrave');
INSERT INTO registration VALUES ('2024-03-09', '13:41:06', '93045837', 'Isaak', 'Greatbatch');
INSERT INTO registration VALUES ('2024-03-09', '13:53:10', '82284578', 'Raquel', 'Pearch');
INSERT INTO registration VALUES ('2024-03-09', '14:26:53', '96889998', 'Leonhard', 'Wycliffe');
INSERT INTO registration VALUES ('2024-03-10', '19:34:00', '92129218', 'Bentley', 'Agutter');
INSERT INTO registration VALUES ('2024-03-13', '11:06:43', '84022062', 'Spenser', 'Raitt');
INSERT INTO registration VALUES ('2024-03-13', '15:40:22', '89501162', 'Aylmar', 'Jarritt');
INSERT INTO registration VALUES ('2024-03-13', '16:47:09', '83796640', 'Justino', 'Lennie');
INSERT INTO registration VALUES ('2024-03-14', '10:28:33', '83955714', 'Winna', 'Yitzhok');
INSERT INTO registration VALUES ('2024-03-14', '15:20:38', '97047051', 'Shelly', 'Limrick');
INSERT INTO registration VALUES ('2024-03-14', '16:04:10', '84859600', 'Tallou', 'McFater');
INSERT INTO registration VALUES ('2024-03-16', '15:58:18', '99218548', 'Georgeta', 'Tilston');
INSERT INTO registration VALUES ('2024-03-17', '12:55:26', '96641145', 'Giraud', 'Halwood');
INSERT INTO registration VALUES ('2024-03-17', '15:21:06', '93913222', 'Hermina', 'Steadman');
INSERT INTO registration VALUES ('2024-03-18', '11:18:00', '92671592', 'Norma', 'Keppie');
INSERT INTO registration VALUES ('2024-03-18', '15:31:40', '88757769', 'Fonz', 'Buckell');
INSERT INTO registration VALUES ('2024-03-19', '15:04:36', '95739964', 'Camila', 'Seatter');
INSERT INTO registration VALUES ('2024-03-20', '03:29:52', '97011185', 'Stephan', 'Firk');
INSERT INTO registration VALUES ('2024-03-20', '16:42:38', '93918281', 'Zandra', 'Chark');
INSERT INTO registration VALUES ('2024-03-20', '17:50:29', '92145563', 'Ernestine', 'Loughney');
INSERT INTO registration VALUES ('2024-03-21', '13:59:01', '99672640', 'Elisabet', 'Marrison');
INSERT INTO registration VALUES ('2024-03-21', '19:20:37', '85125948', 'Nalani', 'Winchurch');
INSERT INTO registration VALUES ('2024-03-22', '13:29:20', '85102107', 'Bryn', 'Shoreson');
INSERT INTO registration VALUES ('2024-03-23', '10:44:00', '97656508', 'Farra', 'Borg');
INSERT INTO registration VALUES ('2024-03-23', '14:44:41', '98509048', 'Simmonds', 'Goad');
INSERT INTO registration VALUES ('2024-03-23', '15:47:19', '91367741', 'Alexi', 'Brockton');
INSERT INTO registration VALUES ('2024-03-24', '18:45:08', '84698244', 'Lauren', 'Arnault');
INSERT INTO registration VALUES ('2024-03-25', '14:29:25', '82204127', 'Anallise', 'Moakes');
INSERT INTO registration VALUES ('2024-03-25', '19:34:25', '81112261', 'Jenna', 'Voaden');
INSERT INTO registration VALUES ('2024-03-27', '12:57:00', '97269270', 'Jo', 'Westman');
INSERT INTO registration VALUES ('2024-03-27', '13:35:20', '95963767', 'Thorvald', 'Meus');
INSERT INTO registration VALUES ('2024-03-28', '03:40:46', '86805331', 'Gill', 'Isaac');
INSERT INTO registration VALUES ('2024-03-29', '10:56:19', '88182567', 'Tyler', 'McMenamy');
INSERT INTO registration VALUES ('2024-03-29', '12:34:17', '91867650', 'Erinna', 'Edler');
INSERT INTO registration VALUES ('2024-04-01', '18:45:27', '88211654', 'Desirae', 'Linton');
INSERT INTO registration VALUES ('2024-04-04', '10:44:56', '94197652', 'Torie', 'Annear');
INSERT INTO registration VALUES ('2024-04-04', '12:23:02', '84977344', 'Hal', 'Sowden');
INSERT INTO registration VALUES ('2024-04-04', '21:42:58', '89005109', 'Darrick', 'Yate');
INSERT INTO registration VALUES ('2024-04-05', '06:31:54', '87816989', 'Pren', 'Shemming');
INSERT INTO registration VALUES ('2024-04-05', '10:40:43', '87818088', 'Yale', 'Ebertz');
INSERT INTO registration VALUES ('2024-04-05', '11:06:15', '86335235', 'Bekki', 'Jozsika');
INSERT INTO registration VALUES ('2024-04-05', '12:14:28', '96297154', 'Collete', 'Print');
INSERT INTO registration VALUES ('2024-04-05', '14:23:40', '95795218', 'Bobbye', 'Lillow');
INSERT INTO registration VALUES ('2024-04-06', '12:32:31', '87464899', 'Athene', 'Foch');
INSERT INTO registration VALUES ('2024-04-06', '14:13:19', '86779254', 'Marcus', 'Ortell');
INSERT INTO registration VALUES ('2024-04-07', '14:16:25', '92763507', 'Doti', 'Silvester');
INSERT INTO registration VALUES ('2024-04-07', '18:01:17', '82014056', 'Nisse', 'Compford');
INSERT INTO registration VALUES ('2024-04-08', '10:58:21', '84811777', 'Bartholemy', 'Fricker');
INSERT INTO registration VALUES ('2024-04-08', '10:59:28', '99491929', 'Elvira', 'Horsburgh');
INSERT INTO registration VALUES ('2024-04-08', '11:04:47', '97146801', 'Dodie', 'MacCourt');
INSERT INTO registration VALUES ('2024-04-08', '18:18:10', '92147627', 'Ely', 'Zincke');
INSERT INTO registration VALUES ('2024-04-08', '19:23:59', '92035069', 'Jamie', 'Seiler');
INSERT INTO registration VALUES ('2024-04-10', '20:04:05', '97865331', 'Rustin', 'Drage');
INSERT INTO registration VALUES ('2024-04-11', '10:41:23', '83746740', 'Krystyna', 'Duckerin');
INSERT INTO registration VALUES ('2024-04-12', '19:03:43', '82523186', 'Gennifer', 'Baglan');
INSERT INTO registration VALUES ('2024-04-13', '17:51:26', '84389605', 'Vaughan', 'Hartless');
INSERT INTO registration VALUES ('2024-04-16', '15:03:17', '95213360', 'Demetris', 'Torry');
INSERT INTO registration VALUES ('2024-04-17', '17:01:35', '93095451', 'Adaline', 'Harburtson');
INSERT INTO registration VALUES ('2024-04-18', '13:49:13', '81043685', 'Latia', 'Skelly');
INSERT INTO registration VALUES ('2024-04-18', '18:21:06', '83572545', 'Torey', 'Harbinson');
INSERT INTO registration VALUES ('2024-04-19', '13:58:54', '92087840', 'Terri', 'Grzelczak');
INSERT INTO registration VALUES ('2024-04-20', '15:49:25', '82733879', 'Jamil', 'Cuseick');
INSERT INTO registration VALUES ('2024-04-22', '11:29:27', '86635564', 'Panchito', 'Kenwright');
INSERT INTO registration VALUES ('2024-04-23', '19:42:28', '83304741', 'Hinze', 'Jurek');
INSERT INTO registration VALUES ('2024-04-24', '10:21:27', '93816956', 'Ania', 'Brewett');
INSERT INTO registration VALUES ('2024-04-24', '11:33:26', '98868305', 'Hugibert', 'Labeuil');
INSERT INTO registration VALUES ('2024-04-26', '07:05:35', '93958213', 'Lucho', 'Bellas');
INSERT INTO registration VALUES ('2024-04-26', '12:01:31', '93034474', 'Reagan', 'Voaden');
INSERT INTO registration VALUES ('2024-04-28', '12:30:10', '95924292', 'Penny', 'Hanster');
INSERT INTO registration VALUES ('2024-04-29', '11:26:32', '83756798', 'Constantine', 'Euesden');
INSERT INTO registration VALUES ('2024-05-02', '19:18:33', '93112965', 'Rorke', 'Mc Elory');
INSERT INTO registration VALUES ('2024-05-06', '10:05:18', '99249866', 'Justin', 'Raulston');
INSERT INTO registration VALUES ('2024-05-06', '10:09:08', '99721613', 'Tremaine', 'Liffey');
INSERT INTO registration VALUES ('2024-05-07', '16:55:39', '94908069', 'Nanice', 'Celes');
INSERT INTO registration VALUES ('2024-05-08', '15:01:52', '85256247', 'Newton', 'Cone');
INSERT INTO registration VALUES ('2024-05-09', '12:54:22', '86385588', 'Candra', 'Mather');
SELECT * FROM registration;

INSERT INTO orders (Date, Time, order_id, Payment, Card, CardType, total_price, Phone, Firstname, Lastname) VALUES ('2024/3/1', '10:15:51', '20240301001', 'card', '3742-8375-6443-8590', 'americanexpress', 4, '', '', '');
INSERT INTO orders (Date, Time, order_id, Payment, Card, CardType, total_price, Phone, Firstname, Lastname) VALUES ('2024/3/1', '12:19:23', '20240301002', 'card', '5108-7574-2920-6803', 'mastercard', 14, '93627414', 'Ignazio', 'Abrahmer');
INSERT INTO orders (Date, Time, order_id, Payment, Card, CardType, total_price, Phone, Firstname, Lastname) VALUES ('2024/3/1', '13:46:33', '20240301003', 'card', '3466-5960-1418-4580', 'americanexpress', 9, '', '', '');
INSERT INTO orders (Date, Time, order_id, Payment, Card, CardType, total_price, Phone, Firstname, Lastname) VALUES ('2024/3/1', '13:48:15', '20240301004', 'card', '3379-4110-3466-1310', 'americanexpress', 8, '', '', '');
INSERT INTO orders (Date, Time, order_id, Payment, Card, CardType, total_price, Phone, Firstname, Lastname) VALUES ('2024/3/1', '15:39:48', '20240301005', 'card', '3742-8382-6101-0570', 'americanexpress', 3.5, '89007281', 'Bernard', 'Cowlard');
INSERT INTO orders (Date, Time, order_id, Payment, Card, CardType, total_price, Phone, Firstname, Lastname) VALUES ('2024/3/1', '16:19:03', '20240301006', 'card', '5002-3594-5319-1014', 'mastercard', 12, '81059611', 'Laurette', 'Birney');
INSERT INTO orders (Date, Time, order_id, Payment, Card, CardType, total_price, Phone, Firstname, Lastname) VALUES ('2024/3/1', '18:39:04', '20240301007', 'card', '3438-5506-5448-2790', 'americanexpress', 7, '93342383', 'Corby', 'Crinage');
INSERT INTO orders (Date, Time, order_id, Payment, Card, CardType, total_price, Phone, Firstname, Lastname) VALUES ('2024/3/1', '19:22:02', '20240301008', 'card', '5122-4098-9757-8766', 'mastercard', 17.5, '85625766', 'Mal', 'Bavister');
INSERT INTO orders (Date, Time, order_id, Payment, Card, CardType, total_price, Phone, Firstname, Lastname) VALUES ('2024/3/1', '19:29:17', '20240301009', 'card', '3742-8376-7036-0310', 'americanexpress', 3.5, '', '', '');
INSERT INTO orders (Date, Time, order_id, Payment, Card, CardType, total_price, Phone, Firstname, Lastname) VALUES ('2024/3/2', '10:22:07', '20240302001', 'card', '4041-3757-4304-3407', 'visa', 6, '', '', '');
INSERT INTO orders (Date, Time, order_id, Payment, Card, CardType, total_price, Phone, Firstname, Lastname) VALUES ('2024/3/2', '10:30:36', '20240302002', 'cash', '', '', 8, '', '', '');
INSERT INTO orders (Date, Time, order_id, Payment, Card, CardType, total_price, Phone, Firstname, Lastname) VALUES ('2024/3/2', '10:41:41', '20240302003', 'card', '3742-8862-9783-4150', 'americanexpress', 3.5, '95672712', 'Terese', 'Chetwind');
INSERT INTO orders (Date, Time, order_id, Payment, Card, CardType, total_price, Phone, Firstname, Lastname) VALUES ('2024/3/2', '11:59:45', '20240302004', 'card', '5100-1491-9212-0304', 'mastercard', 7, '', '', '');
INSERT INTO orders (Date, Time, order_id, Payment, Card, CardType, total_price, Phone, Firstname, Lastname) VALUES ('2024/3/2', '14:38:36', '20240302005', 'card', '5108-7546-4908-7766', 'mastercard', 3, '94385675', 'Kipp', 'Pettifer');
INSERT INTO orders (Date, Time, order_id, Payment, Card, CardType, total_price, Phone, Firstname, Lastname) VALUES ('2024/3/2', '16:37:24', '20240302006', 'card', '4262-9066-4365-7000', 'visa', 3.5, '97416639', 'Ernestine', 'Loughney');
INSERT INTO orders (Date, Time, order_id, Payment, Card, CardType, total_price, Phone, Firstname, Lastname) VALUES ('2024/3/2', '17:34:55', '20240302007', 'card', '3379-4110-3466-1310', 'americanexpress', 9, '87113774', 'Estell', 'Barwell');
INSERT INTO orders (Date, Time, order_id, Payment, Card, CardType, total_price, Phone, Firstname, Lastname) VALUES ('2024/3/3', '10:10:44', '20240303001', 'cash', '', '', 12, '', '', '');
INSERT INTO orders (Date, Time, order_id, Payment, Card, CardType, total_price, Phone, Firstname, Lastname) VALUES ('2024/3/3', '10:27:19', '20240303002', 'card', '3723-0139-1287-8790', 'americanexpress', 4, '95961010', 'Othello', 'Reymers');
INSERT INTO orders (Date, Time, order_id, Payment, Card, CardType, total_price, Phone, Firstname, Lastname) VALUES ('2024/3/3', '11:33:56', '20240303003', 'card', '4858-5115-7122-3000', 'visa', 6, '', '', '');
INSERT INTO orders (Date, Time, order_id, Payment, Card, CardType, total_price, Phone, Firstname, Lastname) VALUES ('2024/3/3', '12:26:56', '20240303004', 'card', '5100-1491-9212-0304', 'mastercard', 6, '', '', '');
INSERT INTO orders (Date, Time, order_id, Payment, Card, CardType, total_price, Phone, Firstname, Lastname) VALUES ('2024/3/3', '13:09:36', '20240303005', 'card', '5100-1472-8131-7534', 'mastercard', 4, '', '', '');
INSERT INTO orders (Date, Time, order_id, Payment, Card, CardType, total_price, Phone, Firstname, Lastname) VALUES ('2024/3/3', '17:06:40', '20240303006', 'card', '5100-1730-4728-0832', 'mastercard', 4, '96537349', 'Grissel', 'Howels');
INSERT INTO orders (Date, Time, order_id, Payment, Card, CardType, total_price, Phone, Firstname, Lastname) VALUES ('2024/3/3', '17:08:46', '20240303007', 'card', '4017-9500-6281-0000', 'visa', 3, '', '', '');
INSERT INTO orders (Date, Time, order_id, Payment, Card, CardType, total_price, Phone, Firstname, Lastname) VALUES ('2024/3/3', '18:03:23', '20240303008', 'card', '4041-5965-2059-3000', 'visa', 18, '', '', '');
INSERT INTO orders (Date, Time, order_id, Payment, Card, CardType, total_price, Phone, Firstname, Lastname) VALUES ('2024/3/4', '10:03:52', '20240304001', 'card', '3742-8375-6443-8590', 'americanexpress', 12, '93603800', 'Maddie', 'Izkoveski');
INSERT INTO orders (Date, Time, order_id, Payment, Card, CardType, total_price, Phone, Firstname, Lastname) VALUES ('2024/3/4', '10:54:51', '20240304002', 'card', '5100-1431-0442-7071', 'mastercard', 12, '87433248', 'Nolan', 'Capelin');
INSERT INTO orders (Date, Time, order_id, Payment, Card, CardType, total_price, Phone, Firstname, Lastname) VALUES ('2024/3/4', '11:05:16', '20240304003', 'card', '5100-1491-9212-0304', 'mastercard', 3.5, '', '', '');
INSERT INTO orders (Date, Time, order_id, Payment, Card, CardType, total_price, Phone, Firstname, Lastname) VALUES ('2024/3/4', '14:04:38', '20240304004', 'card', '3481-6980-7796-5230', 'americanexpress', 7.5, '98216900', 'Alyce', 'Brenard');
INSERT INTO orders (Date, Time, order_id, Payment, Card, CardType, total_price, Phone, Firstname, Lastname) VALUES ('2024/3/5', '9:59:53', '20240305001', 'card', '3742-8375-6443-8590', 'americanexpress', 12, '93603800', 'Maddie', 'Izkoveski');
INSERT INTO orders (Date, Time, order_id, Payment, Card, CardType, total_price, Phone, Firstname, Lastname) VALUES ('2024/3/5', '14:34:56', '20240305002', 'card', '3742-8889-7783-4510', 'americanexpress', 8, '95624750', 'Jacenta', 'Buxsy');
INSERT INTO orders (Date, Time, order_id, Payment, Card, CardType, total_price, Phone, Firstname, Lastname) VALUES ('2024/3/5', '17:34:06', '20240305003', 'card', '5002-3537-1745-1926', 'mastercard', 4, '85205752', 'Kiah', 'Cotter');
INSERT INTO orders (Date, Time, order_id, Payment, Card, CardType, total_price, Phone, Firstname, Lastname) VALUES ('2024/3/5', '17:35:25', '20240305004', 'card', '3742-8385-3694-9250', 'americanexpress', 4, '', '', '');
INSERT INTO orders (Date, Time, order_id, Payment, Card, CardType, total_price, Phone, Firstname, Lastname) VALUES ('2024/3/5', '17:36:29', '20240305005', 'card', '3403-2288-8123-5330', 'americanexpress', 16, '', '', '');
INSERT INTO orders (Date, Time, order_id, Payment, Card, CardType, total_price, Phone, Firstname, Lastname) VALUES ('2024/3/5', '17:56:16', '20240305006', 'card', '3497-9717-6891-3400', 'americanexpress', 15, '', '', '');
INSERT INTO orders (Date, Time, order_id, Payment, Card, CardType, total_price, Phone, Firstname, Lastname) VALUES ('2024/3/6', '12:30:27', '20240306001', 'cash', '', '', 7, '', '', '');
INSERT INTO orders (Date, Time, order_id, Payment, Card, CardType, total_price, Phone, Firstname, Lastname) VALUES ('2024/3/6', '13:24:08', '20240306002', 'card', '5100-1491-9212-0304', 'mastercard', 12, '', '', '');
INSERT INTO orders (Date, Time, order_id, Payment, Card, CardType, total_price, Phone, Firstname, Lastname) VALUES ('2024/3/6', '14:52:02', '20240306003', 'card', '5580-9476-7037-6028', 'mastercard', 8, '93344468', 'Gage', 'Whaymand');
INSERT INTO orders (Date, Time, order_id, Payment, Card, CardType, total_price, Phone, Firstname, Lastname) VALUES ('2024/3/7', '10:08:59', '20240307001', 'cash', '', '', 12, '', '', '');
INSERT INTO orders (Date, Time, order_id, Payment, Card, CardType, total_price, Phone, Firstname, Lastname) VALUES ('2024/3/7', '10:18:41', '20240307002', 'card', '3723-0124-5489-1920', 'americanexpress', 4, '', '', '');
INSERT INTO orders (Date, Time, order_id, Payment, Card, CardType, total_price, Phone, Firstname, Lastname) VALUES ('2024/3/7', '11:03:59', '20240307003', 'card', '3746-2243-5619-5890', 'americanexpress', 8, '', '', '');
INSERT INTO orders (Date, Time, order_id, Payment, Card, CardType, total_price, Phone, Firstname, Lastname) VALUES ('2024/3/7', '11:25:44', '20240307004', 'cash', '', '', 4, '', '', '');
INSERT INTO orders (Date, Time, order_id, Payment, Card, CardType, total_price, Phone, Firstname, Lastname) VALUES ('2024/3/7', '15:40:23', '20240307005', 'card', '5108-7557-3480-9949', 'mastercard', 9, '', '', '');
INSERT INTO orders (Date, Time, order_id, Payment, Card, CardType, total_price, Phone, Firstname, Lastname) VALUES ('2024/3/7', '15:41:29', '20240307006', 'card', '4041-5976-8082-0030', 'visa', 3.5, '83187835', 'Rickey', 'Hector');
INSERT INTO orders (Date, Time, order_id, Payment, Card, CardType, total_price, Phone, Firstname, Lastname) VALUES ('2024/3/8', '10:34:41', '20240308001', 'card', '5100-1491-9212-0304', 'mastercard', 3, '', '', '');
INSERT INTO orders (Date, Time, order_id, Payment, Card, CardType, total_price, Phone, Firstname, Lastname) VALUES ('2024/3/8', '12:22:29', '20240308002', 'card', '5100-1476-0010-6766', 'mastercard', 14, '87547836', 'Flynn', 'Massot');
SELECT * FROM orders;

INSERT INTO prepares (order_id, qty, Staff, Item) VALUES (20240301001, 1, 'STAFF-01', 'Rendang');
INSERT INTO prepares (order_id, qty, Staff, Item) VALUES (20240301002, 3, 'STAFF-03', 'Ayam Balado');
INSERT INTO prepares (order_id, qty, Staff, Item) VALUES (20240301002, 1, 'STAFF-04', 'Ayam Balado');
INSERT INTO prepares (order_id, qty, Staff, Item) VALUES (20240301003, 3, 'STAFF-05', 'Gudeg');
INSERT INTO prepares (order_id, qty, Staff, Item) VALUES (20240301004, 2, 'STAFF-06', 'Rendang');
INSERT INTO prepares (order_id, qty, Staff, Item) VALUES (20240301005, 1, 'STAFF-02', 'Rinderrouladen');
INSERT INTO prepares (order_id, qty, Staff, Item) VALUES (20240301006, 3, 'STAFF-07', 'Ayam Balado');
INSERT INTO prepares (order_id, qty, Staff, Item) VALUES (20240301007, 2, 'STAFF-09', 'Rinderrouladen');
INSERT INTO prepares (order_id, qty, Staff, Item) VALUES (20240301008, 1, 'STAFF-12', 'Rinderrouladen');
INSERT INTO prepares (order_id, qty, Staff, Item) VALUES (20240301008, 4, 'STAFF-11', 'Sauerbraten');
INSERT INTO prepares (order_id, qty, Staff, Item) VALUES (20240301009, 1, 'STAFF-01', 'Rinderrouladen');
INSERT INTO prepares (order_id, qty, Staff, Item) VALUES (20240302001, 2, 'STAFF-08', 'Gudeg');
INSERT INTO prepares (order_id, qty, Staff, Item) VALUES (20240302002, 2, 'STAFF-10', 'Rendang');
INSERT INTO prepares (order_id, qty, Staff, Item) VALUES (20240302003, 1, 'STAFF-02', 'Rinderrouladen');
INSERT INTO prepares (order_id, qty, Staff, Item) VALUES (20240302004, 2, 'STAFF-04', 'Rinderrouladen');
INSERT INTO prepares (order_id, qty, Staff, Item) VALUES (20240302005, 1, 'STAFF-03', 'Gudeg');
INSERT INTO prepares (order_id, qty, Staff, Item) VALUES (20240302006, 1, 'STAFF-05', 'Rinderrouladen');
INSERT INTO prepares (order_id, qty, Staff, Item) VALUES (20240302007, 3, 'STAFF-06', 'Gudeg');
INSERT INTO prepares (order_id, qty, Staff, Item) VALUES (20240303001, 3, 'STAFF-07', 'Rendang');
INSERT INTO prepares (order_id, qty, Staff, Item) VALUES (20240303002, 1, 'STAFF-08', 'Rendang');
INSERT INTO prepares (order_id, qty, Staff, Item) VALUES (20240303003, 2, 'STAFF-11', 'Bun Cha');
INSERT INTO prepares (order_id, qty, Staff, Item) VALUES (20240303004, 2, 'STAFF-09', 'Gudeg');
INSERT INTO prepares (order_id, qty, Staff, Item) VALUES (20240303005, 1, 'STAFF-10', 'Ayam Balado');
INSERT INTO prepares (order_id, qty, Staff, Item) VALUES (20240303006, 1, 'STAFF-12', 'Sauerbraten');
INSERT INTO prepares (order_id, qty, Staff, Item) VALUES (20240303007, 1, 'STAFF-03', 'Bun Cha');
INSERT INTO prepares (order_id, qty, Staff, Item) VALUES (20240303008, 1, 'STAFF-02', 'Rinderrouladen');
INSERT INTO prepares (order_id, qty, Staff, Item) VALUES (20240303008, 1, 'STAFF-04', 'Ayam Balado');
INSERT INTO prepares (order_id, qty, Staff, Item) VALUES (20240303008, 3, 'STAFF-01', 'Rinderrouladen');
INSERT INTO prepares (order_id, qty, Staff, Item) VALUES (20240304001, 3, 'STAFF-05', 'Rendang');
INSERT INTO prepares (order_id, qty, Staff, Item) VALUES (20240304002, 3, 'STAFF-06', 'Rendang');
INSERT INTO prepares (order_id, qty, Staff, Item) VALUES (20240304003, 1, 'STAFF-07', 'Rinderrouladen');
INSERT INTO prepares (order_id, qty, Staff, Item) VALUES (20240304004, 3, 'STAFF-08', 'Thunder Tea Rice');
INSERT INTO prepares (order_id, qty, Staff, Item) VALUES (20240305001, 3, 'STAFF-09', 'Rendang');
INSERT INTO prepares (order_id, qty, Staff, Item) VALUES (20240305002, 2, 'STAFF-10', 'Rendang');
INSERT INTO prepares (order_id, qty, Staff, Item) VALUES (20240305003, 1, 'STAFF-11', 'Rendang');
INSERT INTO prepares (order_id, qty, Staff, Item) VALUES (20240305004, 1, 'STAFF-12', 'Ayam Balado');
INSERT INTO prepares (order_id, qty, Staff, Item) VALUES (20240305005, 2, 'STAFF-04', 'Ayam Balado');
INSERT INTO prepares (order_id, qty, Staff, Item) VALUES (20240305005, 2, 'STAFF-01', 'Sauerbraten');
INSERT INTO prepares (order_id, qty, Staff, Item) VALUES (20240305006, 3, 'STAFF-06', 'Ayam Balado');
INSERT INTO prepares (order_id, qty, Staff, Item) VALUES (20240305006, 1, 'STAFF-05', 'Bun Cha');
INSERT INTO prepares (order_id, qty, Staff, Item) VALUES (20240306001, 2, 'STAFF-02', 'Rinderrouladen');
INSERT INTO prepares (order_id, qty, Staff, Item) VALUES (20240306002, 1, 'STAFF-08', 'Bun Cha');
INSERT INTO prepares (order_id, qty, Staff, Item) VALUES (20240306002, 3, 'STAFF-07', 'Gudeg');
INSERT INTO prepares (order_id, qty, Staff, Item) VALUES (20240306003, 1, 'STAFF-11', 'Palak Paneer');
INSERT INTO prepares (order_id, qty, Staff, Item) VALUES (20240306003, 1, 'STAFF-12', 'Palak Paneer');
INSERT INTO prepares (order_id, qty, Staff, Item) VALUES (20240307001, 3, 'STAFF-09', 'Rendang');
INSERT INTO prepares (order_id, qty, Staff, Item) VALUES (20240307002, 1, 'STAFF-10', 'Ayam Balado');
INSERT INTO prepares (order_id, qty, Staff, Item) VALUES (20240307003, 2, 'STAFF-01', 'Rendang');
INSERT INTO prepares (order_id, qty, Staff, Item) VALUES (20240307004, 1, 'STAFF-03', 'Rendang');
INSERT INTO prepares (order_id, qty, Staff, Item) VALUES (20240307005, 3, 'STAFF-04', 'Gudeg');
INSERT INTO prepares (order_id, qty, Staff, Item) VALUES (20240307006, 1, 'STAFF-02', 'Rinderrouladen');
INSERT INTO prepares (order_id, qty, Staff, Item) VALUES (20240308001, 1, 'STAFF-05', 'Bun Cha');
INSERT INTO prepares (order_id, qty, Staff, Item) VALUES (20240308002, 4, 'STAFF-06', 'Palak Paneer');
SELECT * FROM prepares;
